level,count,mean,median
0-35,148,5.676832,3.1425433
35-75,35,16.830278,8.603451
75-115,32,18.698053,12.391209
115-150,36,16.602123,9.985977
>150,83,24.850327,15.297073
